Provinsi;Tahun;Bulan;Kunjungan
ACEH;2020;1;483897
SUMATERA UTARA;2020;1;2012511
SUMATERA BARAT;2020;1;863282
RIAU;2020;1;619363
JAMBI;2020;1;264201
SUMATERA SELATAN;2020;1;620543
BENGKULU;2020;1;155102
LAMPUNG;2020;1;876254
KEP. BANGKA BELITUNG;2020;1;127282
KEP. RIAU;2020;1;138085
DKI JAKARTA;2020;1;4285490
JAWA BARAT;2020;1;10492510
JAWA TENGAH;2020;1;13945958
DI YOGYAKARTA;2020;1;2564209
JAWA TIMUR;2020;1;11480621
BANTEN;2020;1;3493296
BALI;2020;1;1198046
NUSA TENGGARA BARAT;2020;1;357562
NUSA TENGGARA TIMUR;2020;1;196280
KALIMANTAN BARAT;2020;1;238250
KALIMANTAN TENGAH;2020;1;199469
KALIMANTAN SELATAN;2020;1;453132
KALIMANTAN TIMUR;2020;1;314243
KALIMANTAN UTARA;2020;1;27906
SULAWESI UTARA;2020;1;156614
SULAWESI TENGAH;2020;1;185796
SULAWESI SELATAN;2020;1;1027653
SULAWESI TENGGARA;2020;1;206468
GORONTALO;2020;1;48443
SULAWESI BARAT;2020;1;105991
MALUKU;2020;1;38562
MALUKU UTARA;2020;1;46810
PAPUA BARAT;2020;1;46741
PAPUA BARAT DAYA;2020;1;0
PAPUA;2020;1;75045
PAPUA SELATAN;2020;1;0
PAPUA TENGAH;2020;1;0
PAPUA PEGUNUNGAN;2020;1;0
INDONESIA;2020;1;57345615
ACEH;2020;2;430589
SUMATERA UTARA;2020;2;1466193
SUMATERA BARAT;2020;2;779785
RIAU;2020;2;548129
JAMBI;2020;2;250082
SUMATERA SELATAN;2020;2;584230
BENGKULU;2020;2;140647
LAMPUNG;2020;2;782363
KEP. BANGKA BELITUNG;2020;2;107273
KEP. RIAU;2020;2;112726
DKI JAKARTA;2020;2;3980736
JAWA BARAT;2020;2;9453029
JAWA TENGAH;2020;2;12527304
DI YOGYAKARTA;2020;2;2165645
JAWA TIMUR;2020;2;10963390
BANTEN;2020;2;3108353
BALI;2020;2;1076140
NUSA TENGGARA BARAT;2020;2;346046
NUSA TENGGARA TIMUR;2020;2;177430
KALIMANTAN BARAT;2020;2;192950
KALIMANTAN TENGAH;2020;2;184057
KALIMANTAN SELATAN;2020;2;525682
KALIMANTAN TIMUR;2020;2;286192
KALIMANTAN UTARA;2020;2;28952
SULAWESI UTARA;2020;2;154197
SULAWESI TENGAH;2020;2;176960
SULAWESI SELATAN;2020;2;932636
SULAWESI TENGGARA;2020;2;193500
GORONTALO;2020;2;44850
SULAWESI BARAT;2020;2;97671
MALUKU;2020;2;36768
MALUKU UTARA;2020;2;47758
PAPUA BARAT;2020;2;44158
PAPUA BARAT DAYA;2020;2;0
PAPUA;2020;2;73078
PAPUA SELATAN;2020;2;0
PAPUA TENGAH;2020;2;0
PAPUA PEGUNUNGAN;2020;2;0
INDONESIA;2020;2;52019499
ACEH;2020;3;351710
SUMATERA UTARA;2020;3;1109440
SUMATERA BARAT;2020;3;623248
RIAU;2020;3;464347
JAMBI;2020;3;206088
SUMATERA SELATAN;2020;3;483516
BENGKULU;2020;3;117920
LAMPUNG;2020;3;658446
KEP. BANGKA BELITUNG;2020;3;83654
KEP. RIAU;2020;3;68659
DKI JAKARTA;2020;3;2731511
JAWA BARAT;2020;3;7069903
JAWA TENGAH;2020;3;11005404
DI YOGYAKARTA;2020;3;1653382
JAWA TIMUR;2020;3;9901042
BANTEN;2020;3;2403198
BALI;2020;3;684140
NUSA TENGGARA BARAT;2020;3;266947
NUSA TENGGARA TIMUR;2020;3;161512
KALIMANTAN BARAT;2020;3;133713
KALIMANTAN TENGAH;2020;3;162270
KALIMANTAN SELATAN;2020;3;388598
KALIMANTAN TIMUR;2020;3;217704
KALIMANTAN UTARA;2020;3;22807
SULAWESI UTARA;2020;3;158677
SULAWESI TENGAH;2020;3;145200
SULAWESI SELATAN;2020;3;759362
SULAWESI TENGGARA;2020;3;143516
GORONTALO;2020;3;54723
SULAWESI BARAT;2020;3;69873
MALUKU;2020;3;29688
MALUKU UTARA;2020;3;38527
PAPUA BARAT;2020;3;34282
PAPUA BARAT DAYA;2020;3;0
PAPUA;2020;3;57571
PAPUA SELATAN;2020;3;0
PAPUA TENGAH;2020;3;0
PAPUA PEGUNUNGAN;2020;3;0
INDONESIA;2020;3;42460578
ACEH;2020;4;157764
SUMATERA UTARA;2020;4;442072
SUMATERA BARAT;2020;4;226466
RIAU;2020;4;215636
JAMBI;2020;4;114969
SUMATERA SELATAN;2020;4;234250
BENGKULU;2020;4;61421
LAMPUNG;2020;4;356647
KEP. BANGKA BELITUNG;2020;4;34757
KEP. RIAU;2020;4;19843
DKI JAKARTA;2020;4;800210
JAWA BARAT;2020;4;2572442
JAWA TENGAH;2020;4;8810623
DI YOGYAKARTA;2020;4;731738
JAWA TIMUR;2020;4;6570521
BANTEN;2020;4;1058760
BALI;2020;4;273450
NUSA TENGGARA BARAT;2020;4;114758
NUSA TENGGARA TIMUR;2020;4;102092
KALIMANTAN BARAT;2020;4;58284
KALIMANTAN TENGAH;2020;4;78802
KALIMANTAN SELATAN;2020;4;142599
KALIMANTAN TIMUR;2020;4;91121
KALIMANTAN UTARA;2020;4;9670
SULAWESI UTARA;2020;4;66627
SULAWESI TENGAH;2020;4;65380
SULAWESI SELATAN;2020;4;287133
SULAWESI TENGGARA;2020;4;71545
GORONTALO;2020;4;33603
SULAWESI BARAT;2020;4;26873
MALUKU;2020;4;10479
MALUKU UTARA;2020;4;22439
PAPUA BARAT;2020;4;9348
PAPUA BARAT DAYA;2020;4;0
PAPUA;2020;4;24783
PAPUA SELATAN;2020;4;0
PAPUA TENGAH;2020;4;0
PAPUA PEGUNUNGAN;2020;4;0
INDONESIA;2020;4;23897105
ACEH;2020;5;258310
SUMATERA UTARA;2020;5;576278
SUMATERA BARAT;2020;5;250931
RIAU;2020;5;249411
JAMBI;2020;5;133020
SUMATERA SELATAN;2020;5;223800
BENGKULU;2020;5;67769
LAMPUNG;2020;5;395199
KEP. BANGKA BELITUNG;2020;5;48428
KEP. RIAU;2020;5;17661
DKI JAKARTA;2020;5;1102095
JAWA BARAT;2020;5;3478828
JAWA TENGAH;2020;5;7558284
DI YOGYAKARTA;2020;5;665050
JAWA TIMUR;2020;5;7672138
BANTEN;2020;5;1372881
BALI;2020;5;261406
NUSA TENGGARA BARAT;2020;5;134465
NUSA TENGGARA TIMUR;2020;5;78698
KALIMANTAN BARAT;2020;5;70612
KALIMANTAN TENGAH;2020;5;75118
KALIMANTAN SELATAN;2020;5;140584
KALIMANTAN TIMUR;2020;5;95763
KALIMANTAN UTARA;2020;5;8536
SULAWESI UTARA;2020;5;58036
SULAWESI TENGAH;2020;5;65852
SULAWESI SELATAN;2020;5;308242
SULAWESI TENGGARA;2020;5;71224
GORONTALO;2020;5;27476
SULAWESI BARAT;2020;5;22014
MALUKU;2020;5;7978
MALUKU UTARA;2020;5;12649
PAPUA BARAT;2020;5;11657
PAPUA BARAT DAYA;2020;5;0
PAPUA;2020;5;26829
PAPUA SELATAN;2020;5;0
PAPUA TENGAH;2020;5;0
PAPUA PEGUNUNGAN;2020;5;0
INDONESIA;2020;5;25547222
ACEH;2020;6;298482
SUMATERA UTARA;2020;6;864667
SUMATERA BARAT;2020;6;562966
RIAU;2020;6;390121
JAMBI;2020;6;183620
SUMATERA SELATAN;2020;6;339725
BENGKULU;2020;6;100775
LAMPUNG;2020;6;559053
KEP. BANGKA BELITUNG;2020;6;53351
KEP. RIAU;2020;6;29392
DKI JAKARTA;2020;6;1730939
JAWA BARAT;2020;6;6047886
JAWA TENGAH;2020;6;8741458
DI YOGYAKARTA;2020;6;966026
JAWA TIMUR;2020;6;9184613
BANTEN;2020;6;1757307
BALI;2020;6;427300
NUSA TENGGARA BARAT;2020;6;219509
NUSA TENGGARA TIMUR;2020;6;123912
KALIMANTAN BARAT;2020;6;114469
KALIMANTAN TENGAH;2020;6;105229
KALIMANTAN SELATAN;2020;6;217081
KALIMANTAN TIMUR;2020;6;153412
KALIMANTAN UTARA;2020;6;12698
SULAWESI UTARA;2020;6;112243
SULAWESI TENGAH;2020;6;86803
SULAWESI SELATAN;2020;6;547513
SULAWESI TENGGARA;2020;6;106867
GORONTALO;2020;6;49003
SULAWESI BARAT;2020;6;49222
MALUKU;2020;6;11914
MALUKU UTARA;2020;6;23881
PAPUA BARAT;2020;6;17414
PAPUA BARAT DAYA;2020;6;0
PAPUA;2020;6;35260
PAPUA SELATAN;2020;6;0
PAPUA TENGAH;2020;6;0
PAPUA PEGUNUNGAN;2020;6;0
INDONESIA;2020;6;34224111
ACEH;2020;7;333571
SUMATERA UTARA;2020;7;1082687
SUMATERA BARAT;2020;7;754303
RIAU;2020;7;440119
JAMBI;2020;7;235975
SUMATERA SELATAN;2020;7;486690
BENGKULU;2020;7;131746
LAMPUNG;2020;7;779034
KEP. BANGKA BELITUNG;2020;7;70022
KEP. RIAU;2020;7;47791
DKI JAKARTA;2020;7;2338540
JAWA BARAT;2020;7;8293439
JAWA TENGAH;2020;7;10624146
DI YOGYAKARTA;2020;7;1407181
JAWA TIMUR;2020;7;11452136
BANTEN;2020;7;2276198
BALI;2020;7;596736
NUSA TENGGARA BARAT;2020;7;292720
NUSA TENGGARA TIMUR;2020;7;180686
KALIMANTAN BARAT;2020;7;156207
KALIMANTAN TENGAH;2020;7;153741
KALIMANTAN SELATAN;2020;7;299967
KALIMANTAN TIMUR;2020;7;179746
KALIMANTAN UTARA;2020;7;17870
SULAWESI UTARA;2020;7;193492
SULAWESI TENGAH;2020;7;119534
SULAWESI SELATAN;2020;7;663996
SULAWESI TENGGARA;2020;7;146936
GORONTALO;2020;7;68769
SULAWESI BARAT;2020;7;61561
MALUKU;2020;7;15625
MALUKU UTARA;2020;7;36540
PAPUA BARAT;2020;7;22301
PAPUA BARAT DAYA;2020;7;0
PAPUA;2020;7;45320
PAPUA SELATAN;2020;7;0
PAPUA TENGAH;2020;7;0
PAPUA PEGUNUNGAN;2020;7;0
INDONESIA;2020;7;44005325
ACEH;2020;8;392055
SUMATERA UTARA;2020;8;1291700
SUMATERA BARAT;2020;8;827245
RIAU;2020;8;497048
JAMBI;2020;8;258405
SUMATERA SELATAN;2020;8;555501
BENGKULU;2020;8;154764
LAMPUNG;2020;8;880796
KEP. BANGKA BELITUNG;2020;8;87978
KEP. RIAU;2020;8;46331
DKI JAKARTA;2020;8;2588398
JAWA BARAT;2020;8;9436215
JAWA TENGAH;2020;8;11468963
DI YOGYAKARTA;2020;8;1835908
JAWA TIMUR;2020;8;11299515
BANTEN;2020;8;2660062
BALI;2020;8;773886
NUSA TENGGARA BARAT;2020;8;345466
NUSA TENGGARA TIMUR;2020;8;208219
KALIMANTAN BARAT;2020;8;188940
KALIMANTAN TENGAH;2020;8;178547
KALIMANTAN SELATAN;2020;8;378968
KALIMANTAN TIMUR;2020;8;193051
KALIMANTAN UTARA;2020;8;19917
SULAWESI UTARA;2020;8;259030
SULAWESI TENGAH;2020;8;157123
SULAWESI SELATAN;2020;8;909748
SULAWESI TENGGARA;2020;8;181890
GORONTALO;2020;8;83192
SULAWESI BARAT;2020;8;80440
MALUKU;2020;8;21065
MALUKU UTARA;2020;8;43536
PAPUA BARAT;2020;8;23616
PAPUA BARAT DAYA;2020;8;0
PAPUA;2020;8;46725
PAPUA SELATAN;2020;8;0
PAPUA TENGAH;2020;8;0
PAPUA PEGUNUNGAN;2020;8;0
INDONESIA;2020;8;48374243
ACEH;2020;9;293602
SUMATERA UTARA;2020;9;1016798
SUMATERA BARAT;2020;9;555478
RIAU;2020;9;422867
JAMBI;2020;9;228973
SUMATERA SELATAN;2020;9;484199
BENGKULU;2020;9;127706
LAMPUNG;2020;9;686462
KEP. BANGKA BELITUNG;2020;9;73888
KEP. RIAU;2020;9;48314
DKI JAKARTA;2020;9;1961247
JAWA BARAT;2020;9;6769447
JAWA TENGAH;2020;9;10031173
DI YOGYAKARTA;2020;9;1570374
JAWA TIMUR;2020;9;12304681
BANTEN;2020;9;1938669
BALI;2020;9;737473
NUSA TENGGARA BARAT;2020;9;303882
NUSA TENGGARA TIMUR;2020;9;204091
KALIMANTAN BARAT;2020;9;139666
KALIMANTAN TENGAH;2020;9;177946
KALIMANTAN SELATAN;2020;9;340628
KALIMANTAN TIMUR;2020;9;179654
KALIMANTAN UTARA;2020;9;20879
SULAWESI UTARA;2020;9;282281
SULAWESI TENGAH;2020;9;132882
SULAWESI SELATAN;2020;9;850322
SULAWESI TENGGARA;2020;9;206855
GORONTALO;2020;9;94892
SULAWESI BARAT;2020;9;75891
MALUKU;2020;9;23965
MALUKU UTARA;2020;9;47792
PAPUA BARAT;2020;9;23906
PAPUA BARAT DAYA;2020;9;0
PAPUA;2020;9;50583
PAPUA SELATAN;2020;9;0
PAPUA TENGAH;2020;9;0
PAPUA PEGUNUNGAN;2020;9;0
INDONESIA;2020;9;42407466
ACEH;2020;10;340415
SUMATERA UTARA;2020;10;1232110
SUMATERA BARAT;2020;10;672099
RIAU;2020;10;520924
JAMBI;2020;10;240877
SUMATERA SELATAN;2020;10;557537
BENGKULU;2020;10;146378
LAMPUNG;2020;10;788792
KEP. BANGKA BELITUNG;2020;10;81326
KEP. RIAU;2020;10;60644
DKI JAKARTA;2020;10;2466514
JAWA BARAT;2020;10;8455505
JAWA TENGAH;2020;10;11470617
DI YOGYAKARTA;2020;10;1937169
JAWA TIMUR;2020;10;11175527
BANTEN;2020;10;2516445
BALI;2020;10;798998
NUSA TENGGARA BARAT;2020;10;321857
NUSA TENGGARA TIMUR;2020;10;269250
KALIMANTAN BARAT;2020;10;157775
KALIMANTAN TENGAH;2020;10;191431
KALIMANTAN SELATAN;2020;10;401871
KALIMANTAN TIMUR;2020;10;209778
KALIMANTAN UTARA;2020;10;22363
SULAWESI UTARA;2020;10;335445
SULAWESI TENGAH;2020;10;109312
SULAWESI SELATAN;2020;10;959171
SULAWESI TENGGARA;2020;10;193265
GORONTALO;2020;10;108500
SULAWESI BARAT;2020;10;75517
MALUKU;2020;10;29428
MALUKU UTARA;2020;10;50275
PAPUA BARAT;2020;10;26119
PAPUA BARAT DAYA;2020;10;0
PAPUA;2020;10;55847
PAPUA SELATAN;2020;10;0
PAPUA TENGAH;2020;10;0
PAPUA PEGUNUNGAN;2020;10;0
INDONESIA;2020;10;46979081
ACEH;2020;11;322558
SUMATERA UTARA;2020;11;1120288
SUMATERA BARAT;2020;11;661261
RIAU;2020;11;463144
JAMBI;2020;11;242326
SUMATERA SELATAN;2020;11;514748
BENGKULU;2020;11;131395
LAMPUNG;2020;11;737712
KEP. BANGKA BELITUNG;2020;11;86222
KEP. RIAU;2020;11;61440
DKI JAKARTA;2020;11;3248857
JAWA BARAT;2020;11;8397804
JAWA TENGAH;2020;11;11782903
DI YOGYAKARTA;2020;11;1884242
JAWA TIMUR;2020;11;11164569
BANTEN;2020;11;2951355
BALI;2020;11;847456
NUSA TENGGARA BARAT;2020;11;297806
NUSA TENGGARA TIMUR;2020;11;232124
KALIMANTAN BARAT;2020;11;142495
KALIMANTAN TENGAH;2020;11;178377
KALIMANTAN SELATAN;2020;11;373595
KALIMANTAN TIMUR;2020;11;208725
KALIMANTAN UTARA;2020;11;22030
SULAWESI UTARA;2020;11;326566
SULAWESI TENGAH;2020;11;137047
SULAWESI SELATAN;2020;11;906014
SULAWESI TENGGARA;2020;11;191705
GORONTALO;2020;11;101882
SULAWESI BARAT;2020;11;75153
MALUKU;2020;11;30269
MALUKU UTARA;2020;11;48505
PAPUA BARAT;2020;11;32062
PAPUA BARAT DAYA;2020;11;0
PAPUA;2020;11;58583
PAPUA SELATAN;2020;11;0
PAPUA TENGAH;2020;11;0
PAPUA PEGUNUNGAN;2020;11;0
INDONESIA;2020;11;47981218
ACEH;2020;12;479226
SUMATERA UTARA;2020;12;1831624
SUMATERA BARAT;2020;12;1115758
RIAU;2020;12;674613
JAMBI;2020;12;326026
SUMATERA SELATAN;2020;12;745355
BENGKULU;2020;12;184734
LAMPUNG;2020;12;1024964
KEP. BANGKA BELITUNG;2020;12;111916
KEP. RIAU;2020;12;94695
DKI JAKARTA;2020;12;3679663
JAWA BARAT;2020;12;9414524
JAWA TENGAH;2020;12;14465546
DI YOGYAKARTA;2020;12;2210558
JAWA TIMUR;2020;12;13932909
BANTEN;2020;12;3305453
BALI;2020;12;1144499
NUSA TENGGARA BARAT;2020;12;371680
NUSA TENGGARA TIMUR;2020;12;359388
KALIMANTAN BARAT;2020;12;261247
KALIMANTAN TENGAH;2020;12;218817
KALIMANTAN SELATAN;2020;12;470887
KALIMANTAN TIMUR;2020;12;275463
KALIMANTAN UTARA;2020;12;68039
SULAWESI UTARA;2020;12;377599
SULAWESI TENGAH;2020;12;189733
SULAWESI SELATAN;2020;12;1063264
SULAWESI TENGGARA;2020;12;269241
GORONTALO;2020;12;132725
SULAWESI BARAT;2020;12;110693
MALUKU;2020;12;147307
MALUKU UTARA;2020;12;83999
PAPUA BARAT;2020;12;50886
PAPUA BARAT DAYA;2020;12;0
PAPUA;2020;12;136898
PAPUA SELATAN;2020;12;0
PAPUA TENGAH;2020;12;0
PAPUA PEGUNUNGAN;2020;12;0
INDONESIA;2020;12;59329929
ACEH;2021;1;396953
SUMATERA UTARA;2021;1;1424081
SUMATERA BARAT;2021;1;775782
RIAU;2021;1;507998
JAMBI;2021;1;247256
SUMATERA SELATAN;2021;1;541878
BENGKULU;2021;1;139180
LAMPUNG;2021;1;707904
KEP. BANGKA BELITUNG;2021;1;65347
KEP. RIAU;2021;1;60617
DKI JAKARTA;2021;1;2617796
JAWA BARAT;2021;1;6431349
JAWA TENGAH;2021;1;10965887
DI YOGYAKARTA;2021;1;1439708
JAWA TIMUR;2021;1;12801904
BANTEN;2021;1;2505336
BALI;2021;1;735234
NUSA TENGGARA BARAT;2021;1;222304
NUSA TENGGARA TIMUR;2021;1;236790
KALIMANTAN BARAT;2021;1;165093
KALIMANTAN TENGAH;2021;1;153097
KALIMANTAN SELATAN;2021;1;321253
KALIMANTAN TIMUR;2021;1;165649
KALIMANTAN UTARA;2021;1;37548
SULAWESI UTARA;2021;1;252298
SULAWESI TENGAH;2021;1;140380
SULAWESI SELATAN;2021;1;743342
SULAWESI TENGGARA;2021;1;209867
GORONTALO;2021;1;90759
SULAWESI BARAT;2021;1;124447
MALUKU;2021;1;78120
MALUKU UTARA;2021;1;68567
PAPUA BARAT;2021;1;56475
PAPUA BARAT DAYA;2021;1;0
PAPUA;2021;1;124573
PAPUA SELATAN;2021;1;0
PAPUA TENGAH;2021;1;0
PAPUA PEGUNUNGAN;2021;1;0
INDONESIA;2021;1;45554772
ACEH;2021;2;421243
SUMATERA UTARA;2021;2;1375473
SUMATERA BARAT;2021;2;735587
RIAU;2021;2;482533
JAMBI;2021;2;225630
SUMATERA SELATAN;2021;2;511557
BENGKULU;2021;2;131185
LAMPUNG;2021;2;647312
KEP. BANGKA BELITUNG;2021;2;72930
KEP. RIAU;2021;2;64867
DKI JAKARTA;2021;2;3090473
JAWA BARAT;2021;2;6772915
JAWA TENGAH;2021;2;10644269
DI YOGYAKARTA;2021;2;1429155
JAWA TIMUR;2021;2;12582632
BANTEN;2021;2;2674036
BALI;2021;2;627391
NUSA TENGGARA BARAT;2021;2;195816
NUSA TENGGARA TIMUR;2021;2;162261
KALIMANTAN BARAT;2021;2;194460
KALIMANTAN TENGAH;2021;2;151390
KALIMANTAN SELATAN;2021;2;313139
KALIMANTAN TIMUR;2021;2;154006
KALIMANTAN UTARA;2021;2;26992
SULAWESI UTARA;2021;2;284672
SULAWESI TENGAH;2021;2;139294
SULAWESI SELATAN;2021;2;724546
SULAWESI TENGGARA;2021;2;189183
GORONTALO;2021;2;92165
SULAWESI BARAT;2021;2;77882
MALUKU;2021;2;47482
MALUKU UTARA;2021;2;47555
PAPUA BARAT;2021;2;49044
PAPUA BARAT DAYA;2021;2;0
PAPUA;2021;2;56995
PAPUA SELATAN;2021;2;0
PAPUA TENGAH;2021;2;0
PAPUA PEGUNUNGAN;2021;2;0
INDONESIA;2021;2;45396070
ACEH;2021;3;445804
SUMATERA UTARA;2021;3;1415803
SUMATERA BARAT;2021;3;793796
RIAU;2021;3;511576
JAMBI;2021;3;239867
SUMATERA SELATAN;2021;3;553847
BENGKULU;2021;3;137722
LAMPUNG;2021;3;746409
KEP. BANGKA BELITUNG;2021;3;87341
KEP. RIAU;2021;3;75329
DKI JAKARTA;2021;3;3558538
JAWA BARAT;2021;3;8019390
JAWA TENGAH;2021;3;10992293
DI YOGYAKARTA;2021;3;1684846
JAWA TIMUR;2021;3;12511219
BANTEN;2021;3;2951840
BALI;2021;3;739544
NUSA TENGGARA BARAT;2021;3;244434
NUSA TENGGARA TIMUR;2021;3;222653
KALIMANTAN BARAT;2021;3;188046
KALIMANTAN TENGAH;2021;3;167356
KALIMANTAN SELATAN;2021;3;351197
KALIMANTAN TIMUR;2021;3;194579
KALIMANTAN UTARA;2021;3;27340
SULAWESI UTARA;2021;3;316834
SULAWESI TENGAH;2021;3;177093
SULAWESI SELATAN;2021;3;847765
SULAWESI TENGGARA;2021;3;208125
GORONTALO;2021;3;103269
SULAWESI BARAT;2021;3;81571
MALUKU;2021;3;48787
MALUKU UTARA;2021;3;54200
PAPUA BARAT;2021;3;41249
PAPUA BARAT DAYA;2021;3;0
PAPUA;2021;3;69170
PAPUA SELATAN;2021;3;0
PAPUA TENGAH;2021;3;0
PAPUA PEGUNUNGAN;2021;3;0
INDONESIA;2021;3;48808832
ACEH;2021;4;378402
SUMATERA UTARA;2021;4;1369304
SUMATERA BARAT;2021;4;712644
RIAU;2021;4;451372
JAMBI;2021;4;226476
SUMATERA SELATAN;2021;4;516146
BENGKULU;2021;4;124531
LAMPUNG;2021;4;706069
KEP. BANGKA BELITUNG;2021;4;84283
KEP. RIAU;2021;4;70355
DKI JAKARTA;2021;4;3486742
JAWA BARAT;2021;4;7535164
JAWA TENGAH;2021;4;10783115
DI YOGYAKARTA;2021;4;1637275
JAWA TIMUR;2021;4;11833348
BANTEN;2021;4;2864905
BALI;2021;4;913033
NUSA TENGGARA BARAT;2021;4;237622
NUSA TENGGARA TIMUR;2021;4;173424
KALIMANTAN BARAT;2021;4;171318
KALIMANTAN TENGAH;2021;4;155904
KALIMANTAN SELATAN;2021;4;328515
KALIMANTAN TIMUR;2021;4;189339
KALIMANTAN UTARA;2021;4;22191
SULAWESI UTARA;2021;4;319841
SULAWESI TENGAH;2021;4;154719
SULAWESI SELATAN;2021;4;765199
SULAWESI TENGGARA;2021;4;187883
GORONTALO;2021;4;89741
SULAWESI BARAT;2021;4;70523
MALUKU;2021;4;71019
MALUKU UTARA;2021;4;51844
PAPUA BARAT;2021;4;35284
PAPUA BARAT DAYA;2021;4;0
PAPUA;2021;4;86207
PAPUA SELATAN;2021;4;0
PAPUA TENGAH;2021;4;0
PAPUA PEGUNUNGAN;2021;4;0
INDONESIA;2021;4;46803737
ACEH;2021;5;599117
SUMATERA UTARA;2021;5;1674445
SUMATERA BARAT;2021;5;1025889
RIAU;2021;5;501143
JAMBI;2021;5;280176
SUMATERA SELATAN;2021;5;608248
BENGKULU;2021;5;179928
LAMPUNG;2021;5;975559
KEP. BANGKA BELITUNG;2021;5;93531
KEP. RIAU;2021;5;50771
DKI JAKARTA;2021;5;3671451
JAWA BARAT;2021;5;9062176
JAWA TENGAH;2021;5;12250918
DI YOGYAKARTA;2021;5;1754976
JAWA TIMUR;2021;5;13144701
BANTEN;2021;5;3435666
BALI;2021;5;873863
NUSA TENGGARA BARAT;2021;5;313718
NUSA TENGGARA TIMUR;2021;5;180257
KALIMANTAN BARAT;2021;5;177093
KALIMANTAN TENGAH;2021;5;160403
KALIMANTAN SELATAN;2021;5;389760
KALIMANTAN TIMUR;2021;5;211241
KALIMANTAN UTARA;2021;5;20610
SULAWESI UTARA;2021;5;372363
SULAWESI TENGAH;2021;5;187679
SULAWESI SELATAN;2021;5;937945
SULAWESI TENGGARA;2021;5;237647
GORONTALO;2021;5;117211
SULAWESI BARAT;2021;5;88146
MALUKU;2021;5;50091
MALUKU UTARA;2021;5;57892
PAPUA BARAT;2021;5;31565
PAPUA BARAT DAYA;2021;5;0
PAPUA;2021;5;56054
PAPUA SELATAN;2021;5;0
PAPUA TENGAH;2021;5;0
PAPUA PEGUNUNGAN;2021;5;0
INDONESIA;2021;5;53772233
ACEH;2021;6;457822
SUMATERA UTARA;2021;6;1571487
SUMATERA BARAT;2021;6;894952
RIAU;2021;6;521519
JAMBI;2021;6;255590
SUMATERA SELATAN;2021;6;574663
BENGKULU;2021;6;159098
LAMPUNG;2021;6;791886
KEP. BANGKA BELITUNG;2021;6;93222
KEP. RIAU;2021;6;65954
DKI JAKARTA;2021;6;3020770
JAWA BARAT;2021;6;7167804
JAWA TENGAH;2021;6;10559913
DI YOGYAKARTA;2021;6;1784864
JAWA TIMUR;2021;6;14179950
BANTEN;2021;6;2684415
BALI;2021;6;942465
NUSA TENGGARA BARAT;2021;6;311343
NUSA TENGGARA TIMUR;2021;6;246405
KALIMANTAN BARAT;2021;6;191558
KALIMANTAN TENGAH;2021;6;187859
KALIMANTAN SELATAN;2021;6;381521
KALIMANTAN TIMUR;2021;6;233957
KALIMANTAN UTARA;2021;6;24856
SULAWESI UTARA;2021;6;344017
SULAWESI TENGAH;2021;6;183102
SULAWESI SELATAN;2021;6;928134
SULAWESI TENGGARA;2021;6;212043
GORONTALO;2021;6;100327
SULAWESI BARAT;2021;6;91217
MALUKU;2021;6;55585
MALUKU UTARA;2021;6;57866
PAPUA BARAT;2021;6;42558
PAPUA BARAT DAYA;2021;6;0
PAPUA;2021;6;86681
PAPUA SELATAN;2021;6;0
PAPUA TENGAH;2021;6;0
PAPUA PEGUNUNGAN;2021;6;0
INDONESIA;2021;6;49405403
ACEH;2021;7;445355
SUMATERA UTARA;2021;7;1127318
SUMATERA BARAT;2021;7;664848
RIAU;2021;7;486997
JAMBI;2021;7;240188
SUMATERA SELATAN;2021;7;499604
BENGKULU;2021;7;126188
LAMPUNG;2021;7;564563
KEP. BANGKA BELITUNG;2021;7;73819
KEP. RIAU;2021;7;36721
DKI JAKARTA;2021;7;1516119
JAWA BARAT;2021;7;4073984
JAWA TENGAH;2021;7;8735768
DI YOGYAKARTA;2021;7;920309
JAWA TIMUR;2021;7;9773674
BANTEN;2021;7;1859367
BALI;2021;7;441796
NUSA TENGGARA BARAT;2021;7;224399
NUSA TENGGARA TIMUR;2021;7;205857
KALIMANTAN BARAT;2021;7;158340
KALIMANTAN TENGAH;2021;7;136067
KALIMANTAN SELATAN;2021;7;346333
KALIMANTAN TIMUR;2021;7;137412
KALIMANTAN UTARA;2021;7;18927
SULAWESI UTARA;2021;7;237853
SULAWESI TENGAH;2021;7;155542
SULAWESI SELATAN;2021;7;838925
SULAWESI TENGGARA;2021;7;190375
GORONTALO;2021;7;92090
SULAWESI BARAT;2021;7;89158
MALUKU;2021;7;32749
MALUKU UTARA;2021;7;44031
PAPUA BARAT;2021;7;26814
PAPUA BARAT DAYA;2021;7;0
PAPUA;2021;7;50949
PAPUA SELATAN;2021;7;0
PAPUA TENGAH;2021;7;0
PAPUA PEGUNUNGAN;2021;7;0
INDONESIA;2021;7;34572439
ACEH;2021;8;397120
SUMATERA UTARA;2021;8;1139616
SUMATERA BARAT;2021;8;635405
RIAU;2021;8;418261
JAMBI;2021;8;205004
SUMATERA SELATAN;2021;8;477028
BENGKULU;2021;8;123317
LAMPUNG;2021;8;602800
KEP. BANGKA BELITUNG;2021;8;62355
KEP. RIAU;2021;8;40978
DKI JAKARTA;2021;8;2149334
JAWA BARAT;2021;8;6941962
JAWA TENGAH;2021;8;10234832
DI YOGYAKARTA;2021;8;1283886
JAWA TIMUR;2021;8;9608471
BANTEN;2021;8;2654678
BALI;2021;8;575592
NUSA TENGGARA BARAT;2021;8;232826
NUSA TENGGARA TIMUR;2021;8;218815
KALIMANTAN BARAT;2021;8;186790
KALIMANTAN TENGAH;2021;8;130487
KALIMANTAN SELATAN;2021;8;265638
KALIMANTAN TIMUR;2021;8;155570
KALIMANTAN UTARA;2021;8;17571
SULAWESI UTARA;2021;8;237457
SULAWESI TENGAH;2021;8;131074
SULAWESI SELATAN;2021;8;723167
SULAWESI TENGGARA;2021;8;179936
GORONTALO;2021;8;85478
SULAWESI BARAT;2021;8;80028
MALUKU;2021;8;38200
MALUKU UTARA;2021;8;46619
PAPUA BARAT;2021;8;29913
PAPUA BARAT DAYA;2021;8;0
PAPUA;2021;8;48378
PAPUA SELATAN;2021;8;0
PAPUA TENGAH;2021;8;0
PAPUA PEGUNUNGAN;2021;8;0
INDONESIA;2021;8;40358586
ACEH;2021;9;440652
SUMATERA UTARA;2021;9;1329028
SUMATERA BARAT;2021;9;717460
RIAU;2021;9;480952
JAMBI;2021;9;234360
SUMATERA SELATAN;2021;9;554767
BENGKULU;2021;9;139828
LAMPUNG;2021;9;749160
KEP. BANGKA BELITUNG;2021;9;80206
KEP. RIAU;2021;9;73747
DKI JAKARTA;2021;9;2914875
JAWA BARAT;2021;9;8993185
JAWA TENGAH;2021;9;12699513
DI YOGYAKARTA;2021;9;1879850
JAWA TIMUR;2021;9;12421768
BANTEN;2021;9;3508920
BALI;2021;9;768756
NUSA TENGGARA BARAT;2021;9;253597
NUSA TENGGARA TIMUR;2021;9;277164
KALIMANTAN BARAT;2021;9;201094
KALIMANTAN TENGAH;2021;9;151033
KALIMANTAN SELATAN;2021;9;323585
KALIMANTAN TIMUR;2021;9;207404
KALIMANTAN UTARA;2021;9;22787
SULAWESI UTARA;2021;9;290810
SULAWESI TENGAH;2021;9;157759
SULAWESI SELATAN;2021;9;824543
SULAWESI TENGGARA;2021;9;214553
GORONTALO;2021;9;97555
SULAWESI BARAT;2021;9;90870
MALUKU;2021;9;46237
MALUKU UTARA;2021;9;51543
PAPUA BARAT;2021;9;42337
PAPUA BARAT DAYA;2021;9;0
PAPUA;2021;9;90643
PAPUA SELATAN;2021;9;0
PAPUA TENGAH;2021;9;0
PAPUA PEGUNUNGAN;2021;9;0
INDONESIA;2021;9;51330541
ACEH;2021;10;490983
SUMATERA UTARA;2021;10;1641459
SUMATERA BARAT;2021;10;829981
RIAU;2021;10;542388
JAMBI;2021;10;277376
SUMATERA SELATAN;2021;10;624377
BENGKULU;2021;10;160489
LAMPUNG;2021;10;835530
KEP. BANGKA BELITUNG;2021;10;109459
KEP. RIAU;2021;10;88509
DKI JAKARTA;2021;10;3590483
JAWA BARAT;2021;10;10796398
JAWA TENGAH;2021;10;15670718
DI YOGYAKARTA;2021;10;2749665
JAWA TIMUR;2021;10;15355312
BANTEN;2021;10;4154690
BALI;2021;10;1023186
NUSA TENGGARA BARAT;2021;10;300825
NUSA TENGGARA TIMUR;2021;10;310030
KALIMANTAN BARAT;2021;10;236697
KALIMANTAN TENGAH;2021;10;182649
KALIMANTAN SELATAN;2021;10;415035
KALIMANTAN TIMUR;2021;10;243553
KALIMANTAN UTARA;2021;10;29487
SULAWESI UTARA;2021;10;340274
SULAWESI TENGAH;2021;10;187825
SULAWESI SELATAN;2021;10;960245
SULAWESI TENGGARA;2021;10;237909
GORONTALO;2021;10;104446
SULAWESI BARAT;2021;10;91955
MALUKU;2021;10;52031
MALUKU UTARA;2021;10;67386
PAPUA BARAT;2021;10;40861
PAPUA BARAT DAYA;2021;10;0
PAPUA;2021;10;79326
PAPUA SELATAN;2021;10;0
PAPUA TENGAH;2021;10;0
PAPUA PEGUNUNGAN;2021;10;0
INDONESIA;2021;10;62821537
ACEH;2021;11;445046
SUMATERA UTARA;2021;11;1433761
SUMATERA BARAT;2021;11;733146
RIAU;2021;11;503440
JAMBI;2021;11;247704
SUMATERA SELATAN;2021;11;568239
BENGKULU;2021;11;138376
LAMPUNG;2021;11;760453
KEP. BANGKA BELITUNG;2021;11;101097
KEP. RIAU;2021;11;85577
DKI JAKARTA;2021;11;3503961
JAWA BARAT;2021;11;9236395
JAWA TENGAH;2021;11;16327544
DI YOGYAKARTA;2021;11;2831810
JAWA TIMUR;2021;11;15619037
BANTEN;2021;11;3955307
BALI;2021;11;1025748
NUSA TENGGARA BARAT;2021;11;272499
NUSA TENGGARA TIMUR;2021;11;283321
KALIMANTAN BARAT;2021;11;199557
KALIMANTAN TENGAH;2021;11;153217
KALIMANTAN SELATAN;2021;11;373463
KALIMANTAN TIMUR;2021;11;221625
KALIMANTAN UTARA;2021;11;24119
SULAWESI UTARA;2021;11;333070
SULAWESI TENGAH;2021;11;168918
SULAWESI SELATAN;2021;11;842440
SULAWESI TENGGARA;2021;11;220257
GORONTALO;2021;11;93069
SULAWESI BARAT;2021;11;86912
MALUKU;2021;11;51355
MALUKU UTARA;2021;11;51408
PAPUA BARAT;2021;11;33842
PAPUA BARAT DAYA;2021;11;0
PAPUA;2021;11;63345
PAPUA SELATAN;2021;11;0
PAPUA TENGAH;2021;11;0
PAPUA PEGUNUNGAN;2021;11;0
INDONESIA;2021;11;60989058
ACEH;2021;12;615908
SUMATERA UTARA;2021;12;2256408
SUMATERA BARAT;2021;12;1084422
RIAU;2021;12;735090
JAMBI;2021;12;367540
SUMATERA SELATAN;2021;12;796983
BENGKULU;2021;12;210851
LAMPUNG;2021;12;1089221
KEP. BANGKA BELITUNG;2021;12;140399
KEP. RIAU;2021;12;122247
DKI JAKARTA;2021;12;4513926
JAWA BARAT;2021;12;11284591
JAWA TENGAH;2021;12;17809415
DI YOGYAKARTA;2021;12;3437656
JAWA TIMUR;2021;12;19245908
BANTEN;2021;12;3484770
BALI;2021;12;1318502
NUSA TENGGARA BARAT;2021;12;329405
NUSA TENGGARA TIMUR;2021;12;591838
KALIMANTAN BARAT;2021;12;341346
KALIMANTAN TENGAH;2021;12;245330
KALIMANTAN SELATAN;2021;12;473090
KALIMANTAN TIMUR;2021;12;378506
KALIMANTAN UTARA;2021;12;36413
SULAWESI UTARA;2021;12;403468
SULAWESI TENGAH;2021;12;243526
SULAWESI SELATAN;2021;12;1091834
SULAWESI TENGGARA;2021;12;293377
GORONTALO;2021;12;122720
SULAWESI BARAT;2021;12;109793
MALUKU;2021;12;68109
MALUKU UTARA;2021;12;73794
PAPUA BARAT;2021;12;55063
PAPUA BARAT DAYA;2021;12;0
PAPUA;2021;12;114802
PAPUA SELATAN;2021;12;0
PAPUA TENGAH;2021;12;0
PAPUA PEGUNUNGAN;2021;12;0
INDONESIA;2021;12;73486251
ACEH;2022;1;526417
SUMATERA UTARA;2022;1;2022964
SUMATERA BARAT;2022;1;926043
RIAU;2022;1;636543
JAMBI;2022;1;302504
SUMATERA SELATAN;2022;1;650971
BENGKULU;2022;1;180768
LAMPUNG;2022;1;878496
KEP. BANGKA BELITUNG;2022;1;122602
KEP. RIAU;2022;1;93349
DKI JAKARTA;2022;1;3619251
JAWA BARAT;2022;1;9395919
JAWA TENGAH;2022;1;14173348
DI YOGYAKARTA;2022;1;2796450
JAWA TIMUR;2022;1;19124849
BANTEN;2022;1;2477846
BALI;2022;1;991643
NUSA TENGGARA BARAT;2022;1;264251
NUSA TENGGARA TIMUR;2022;1;498022
KALIMANTAN BARAT;2022;1;270324
KALIMANTAN TENGAH;2022;1;196995
KALIMANTAN SELATAN;2022;1;401029
KALIMANTAN TIMUR;2022;1;310053
KALIMANTAN UTARA;2022;1;26920
SULAWESI UTARA;2022;1;327133
SULAWESI TENGAH;2022;1;195589
SULAWESI SELATAN;2022;1;930906
SULAWESI TENGGARA;2022;1;243982
GORONTALO;2022;1;104369
SULAWESI BARAT;2022;1;86174
MALUKU;2022;1;41334
MALUKU UTARA;2022;1;60617
PAPUA BARAT;2022;1;35776
PAPUA BARAT DAYA;2022;1;0
PAPUA;2022;1;71001
PAPUA SELATAN;2022;1;0
PAPUA TENGAH;2022;1;0
PAPUA PEGUNUNGAN;2022;1;0
INDONESIA;2022;1;62984438
ACEH;2022;2;501651
SUMATERA UTARA;2022;2;1636066
SUMATERA BARAT;2022;2;814741
RIAU;2022;2;581783
JAMBI;2022;2;255285
SUMATERA SELATAN;2022;2;538004
BENGKULU;2022;2;137886
LAMPUNG;2022;2;694763
KEP. BANGKA BELITUNG;2022;2;99338
KEP. RIAU;2022;2;75268
DKI JAKARTA;2022;2;2756201
JAWA BARAT;2022;2;7153882
JAWA TENGAH;2022;2;13040775
DI YOGYAKARTA;2022;2;2361262
JAWA TIMUR;2022;2;19184354
BANTEN;2022;2;1976399
BALI;2022;2;746026
NUSA TENGGARA BARAT;2022;2;233313
NUSA TENGGARA TIMUR;2022;2;279400
KALIMANTAN BARAT;2022;2;235449
KALIMANTAN TENGAH;2022;2;175867
KALIMANTAN SELATAN;2022;2;352761
KALIMANTAN TIMUR;2022;2;256145
KALIMANTAN UTARA;2022;2;23240
SULAWESI UTARA;2022;2;260815
SULAWESI TENGAH;2022;2;173663
SULAWESI SELATAN;2022;2;803391
SULAWESI TENGGARA;2022;2;220654
GORONTALO;2022;2;88530
SULAWESI BARAT;2022;2;83763
MALUKU;2022;2;35725
MALUKU UTARA;2022;2;55228
PAPUA BARAT;2022;2;30984
PAPUA BARAT DAYA;2022;2;0
PAPUA;2022;2;63721
PAPUA SELATAN;2022;2;0
PAPUA TENGAH;2022;2;0
PAPUA PEGUNUNGAN;2022;2;0
INDONESIA;2022;2;55926333
ACEH;2022;3;585675
SUMATERA UTARA;2022;3;1846809
SUMATERA BARAT;2022;3;1007630
RIAU;2022;3;673534
JAMBI;2022;3;313009
SUMATERA SELATAN;2022;3;691513
BENGKULU;2022;3;172874
LAMPUNG;2022;3;866807
KEP. BANGKA BELITUNG;2022;3;142414
KEP. RIAU;2022;3;105778
DKI JAKARTA;2022;3;4586681
JAWA BARAT;2022;3;10560424
JAWA TENGAH;2022;3;15805048
DI YOGYAKARTA;2022;3;2570708
JAWA TIMUR;2022;3;27190607
BANTEN;2022;3;3158598
BALI;2022;3;1216580
NUSA TENGGARA BARAT;2022;3;441171
NUSA TENGGARA TIMUR;2022;3;440468
KALIMANTAN BARAT;2022;3;250992
KALIMANTAN TENGAH;2022;3;210680
KALIMANTAN SELATAN;2022;3;429164
KALIMANTAN TIMUR;2022;3;332387
KALIMANTAN UTARA;2022;3;28683
SULAWESI UTARA;2022;3;347157
SULAWESI TENGAH;2022;3;609507
SULAWESI SELATAN;2022;3;3267252
SULAWESI TENGGARA;2022;3;1495127
GORONTALO;2022;3;151616
SULAWESI BARAT;2022;3;425016
MALUKU;2022;3;49734
MALUKU UTARA;2022;3;141231
PAPUA BARAT;2022;3;37297
PAPUA BARAT DAYA;2022;3;0
PAPUA;2022;3;76243
PAPUA SELATAN;2022;3;0
PAPUA TENGAH;2022;3;0
PAPUA PEGUNUNGAN;2022;3;0
INDONESIA;2022;3;80228414
ACEH;2022;4;434633
SUMATERA UTARA;2022;4;1658463
SUMATERA BARAT;2022;4;838560
RIAU;2022;4;597000
JAMBI;2022;4;310853
SUMATERA SELATAN;2022;4;725485
BENGKULU;2022;4;160737
LAMPUNG;2022;4;934561
KEP. BANGKA BELITUNG;2022;4;125002
KEP. RIAU;2022;4;104207
DKI JAKARTA;2022;4;3999014
JAWA BARAT;2022;4;7649342
JAWA TENGAH;2022;4;6012461
DI YOGYAKARTA;2022;4;1161028
JAWA TIMUR;2022;4;12078225
BANTEN;2022;4;2469664
BALI;2022;4;1015904
NUSA TENGGARA BARAT;2022;4;266829
NUSA TENGGARA TIMUR;2022;4;222175
KALIMANTAN BARAT;2022;4;230254
KALIMANTAN TENGAH;2022;4;204164
KALIMANTAN SELATAN;2022;4;325854
KALIMANTAN TIMUR;2022;4;306368
KALIMANTAN UTARA;2022;4;26925
SULAWESI UTARA;2022;4;349618
SULAWESI TENGAH;2022;4;691868
SULAWESI SELATAN;2022;4;3768595
SULAWESI TENGGARA;2022;4;1585129
GORONTALO;2022;4;140420
SULAWESI BARAT;2022;4;516032
MALUKU;2022;4;57885
MALUKU UTARA;2022;4;152337
PAPUA BARAT;2022;4;34020
PAPUA BARAT DAYA;2022;4;0
PAPUA;2022;4;69361
PAPUA SELATAN;2022;4;0
PAPUA TENGAH;2022;4;0
PAPUA PEGUNUNGAN;2022;4;0
INDONESIA;2022;4;49222973
ACEH;2022;5;935025
SUMATERA UTARA;2022;5;2896949
SUMATERA BARAT;2022;5;1655583
RIAU;2022;5;897026
JAMBI;2022;5;449078
SUMATERA SELATAN;2022;5;970391
BENGKULU;2022;5;293433
LAMPUNG;2022;5;1412731
KEP. BANGKA BELITUNG;2022;5;183098
KEP. RIAU;2022;5;138874
DKI JAKARTA;2022;5;5358565
JAWA BARAT;2022;5;14288645
JAWA TENGAH;2022;5;10124919
DI YOGYAKARTA;2022;5;2758594
JAWA TIMUR;2022;5;19934247
BANTEN;2022;5;4021101
BALI;2022;5;1368766
NUSA TENGGARA BARAT;2022;5;431606
NUSA TENGGARA TIMUR;2022;5;281871
KALIMANTAN BARAT;2022;5;365089
KALIMANTAN TENGAH;2022;5;255832
KALIMANTAN SELATAN;2022;5;620601
KALIMANTAN TIMUR;2022;5;483121
KALIMANTAN UTARA;2022;5;30226
SULAWESI UTARA;2022;5;503507
SULAWESI TENGAH;2022;5;817447
SULAWESI SELATAN;2022;5;4619651
SULAWESI TENGGARA;2022;5;1592211
GORONTALO;2022;5;189314
SULAWESI BARAT;2022;5;611768
MALUKU;2022;5;56722
MALUKU UTARA;2022;5;166862
PAPUA BARAT;2022;5;38551
PAPUA BARAT DAYA;2022;5;0
PAPUA;2022;5;77379
PAPUA SELATAN;2022;5;0
PAPUA TENGAH;2022;5;0
PAPUA PEGUNUNGAN;2022;5;0
INDONESIA;2022;5;78828783
ACEH;2022;6;566361
SUMATERA UTARA;2022;6;1987624
SUMATERA BARAT;2022;6;988346
RIAU;2022;6;692293
JAMBI;2022;6;316554
SUMATERA SELATAN;2022;6;679215
BENGKULU;2022;6;173024
LAMPUNG;2022;6;866263
KEP. BANGKA BELITUNG;2022;6;135070
KEP. RIAU;2022;6;147934
DKI JAKARTA;2022;6;5251021
JAWA BARAT;2022;6;10403291
JAWA TENGAH;2022;6;6985364
DI YOGYAKARTA;2022;6;2141729
JAWA TIMUR;2022;6;14691026
BANTEN;2022;6;3150313
BALI;2022;6;1374366
NUSA TENGGARA BARAT;2022;6;347975
NUSA TENGGARA TIMUR;2022;6;283506
KALIMANTAN BARAT;2022;6;271558
KALIMANTAN TENGAH;2022;6;220878
KALIMANTAN SELATAN;2022;6;432460
KALIMANTAN TIMUR;2022;6;454319
KALIMANTAN UTARA;2022;6;30204
SULAWESI UTARA;2022;6;394131
SULAWESI TENGAH;2022;6;597158
SULAWESI SELATAN;2022;6;2492319
SULAWESI TENGGARA;2022;6;1050720
GORONTALO;2022;6;130595
SULAWESI BARAT;2022;6;409575
MALUKU;2022;6;51382
MALUKU UTARA;2022;6;140421
PAPUA BARAT;2022;6;39956
PAPUA BARAT DAYA;2022;6;0
PAPUA;2022;6;81989
PAPUA SELATAN;2022;6;0
PAPUA TENGAH;2022;6;0
PAPUA PEGUNUNGAN;2022;6;0
INDONESIA;2022;6;57978940
ACEH;2022;7;748573
SUMATERA UTARA;2022;7;2216932
SUMATERA BARAT;2022;7;1176922
RIAU;2022;7;795698
JAMBI;2022;7;364514
SUMATERA SELATAN;2022;7;834754
BENGKULU;2022;7;203448
LAMPUNG;2022;7;1043996
KEP. BANGKA BELITUNG;2022;7;146618
KEP. RIAU;2022;7;149456
DKI JAKARTA;2022;7;4623932
JAWA BARAT;2022;7;11576829
JAWA TENGAH;2022;7;7996200
DI YOGYAKARTA;2022;7;2197650
JAWA TIMUR;2022;7;16068542
BANTEN;2022;7;3451864
BALI;2022;7;1288444
NUSA TENGGARA BARAT;2022;7;351214
NUSA TENGGARA TIMUR;2022;7;309202
KALIMANTAN BARAT;2022;7;315667
KALIMANTAN TENGAH;2022;7;257012
KALIMANTAN SELATAN;2022;7;529472
KALIMANTAN TIMUR;2022;7;573460
KALIMANTAN UTARA;2022;7;32132
SULAWESI UTARA;2022;7;436556
SULAWESI TENGAH;2022;7;646673
SULAWESI SELATAN;2022;7;2732814
SULAWESI TENGGARA;2022;7;1231851
GORONTALO;2022;7;140784
SULAWESI BARAT;2022;7;442861
MALUKU;2022;7;48932
MALUKU UTARA;2022;7;157797
PAPUA BARAT;2022;7;39706
PAPUA BARAT DAYA;2022;7;0
PAPUA;2022;7;86039
PAPUA SELATAN;2022;7;0
PAPUA TENGAH;2022;7;0
PAPUA PEGUNUNGAN;2022;7;0
INDONESIA;2022;7;63216544
ACEH;2022;8;531072
SUMATERA UTARA;2022;8;1678953
SUMATERA BARAT;2022;8;905311
RIAU;2022;8;662795
JAMBI;2022;8;285681
SUMATERA SELATAN;2022;8;659155
BENGKULU;2022;8;158883
LAMPUNG;2022;8;772720
KEP. BANGKA BELITUNG;2022;8;117743
KEP. RIAU;2022;8;123680
DKI JAKARTA;2022;8;4521438
JAWA BARAT;2022;8;9433636
JAWA TENGAH;2022;8;6551001
DI YOGYAKARTA;2022;8;1703347
JAWA TIMUR;2022;8;13235419
BANTEN;2022;8;3312882
BALI;2022;8;1152090
NUSA TENGGARA BARAT;2022;8;288102
NUSA TENGGARA TIMUR;2022;8;252218
KALIMANTAN BARAT;2022;8;258920
KALIMANTAN TENGAH;2022;8;223441
KALIMANTAN SELATAN;2022;8;422558
KALIMANTAN TIMUR;2022;8;521964
KALIMANTAN UTARA;2022;8;29288
SULAWESI UTARA;2022;8;352431
SULAWESI TENGAH;2022;8;532060
SULAWESI SELATAN;2022;8;2136650
SULAWESI TENGGARA;2022;8;1097809
GORONTALO;2022;8;113456
SULAWESI BARAT;2022;8;373165
MALUKU;2022;8;46979
MALUKU UTARA;2022;8;135693
PAPUA BARAT;2022;8;40948
PAPUA BARAT DAYA;2022;8;0
PAPUA;2022;8;84147
PAPUA SELATAN;2022;8;0
PAPUA TENGAH;2022;8;0
PAPUA PEGUNUNGAN;2022;8;0
INDONESIA;2022;8;52715635
ACEH;2022;9;500673
SUMATERA UTARA;2022;9;1664991
SUMATERA BARAT;2022;9;891560
RIAU;2022;9;677309
JAMBI;2022;9;280278
SUMATERA SELATAN;2022;9;668784
BENGKULU;2022;9;159439
LAMPUNG;2022;9;833337
KEP. BANGKA BELITUNG;2022;9;120832
KEP. RIAU;2022;9;123914
DKI JAKARTA;2022;9;5423854
JAWA BARAT;2022;9;9923223
JAWA TENGAH;2022;9;7168810
DI YOGYAKARTA;2022;9;1798014
JAWA TIMUR;2022;9;12461460
BANTEN;2022;9;3701537
BALI;2022;9;1125727
NUSA TENGGARA BARAT;2022;9;286740
NUSA TENGGARA TIMUR;2022;9;249094
KALIMANTAN BARAT;2022;9;239591
KALIMANTAN TENGAH;2022;9;217319
KALIMANTAN SELATAN;2022;9;399050
KALIMANTAN TIMUR;2022;9;507079
KALIMANTAN UTARA;2022;9;27807
SULAWESI UTARA;2022;9;360004
SULAWESI TENGAH;2022;9;515189
SULAWESI SELATAN;2022;9;1803376
SULAWESI TENGGARA;2022;9;1044426
GORONTALO;2022;9;109350
SULAWESI BARAT;2022;9;318147
MALUKU;2022;9;52568
MALUKU UTARA;2022;9;132686
PAPUA BARAT;2022;9;39159
PAPUA BARAT DAYA;2022;9;0
PAPUA;2022;9;78700
PAPUA SELATAN;2022;9;0
PAPUA TENGAH;2022;9;0
PAPUA PEGUNUNGAN;2022;9;0
INDONESIA;2022;9;53904027
ACEH;2022;10;513056
SUMATERA UTARA;2022;10;1785747
SUMATERA BARAT;2022;10;949081
RIAU;2022;10;692329
JAMBI;2022;10;289153
SUMATERA SELATAN;2022;10;665454
BENGKULU;2022;10;154957
LAMPUNG;2022;10;834108
KEP. BANGKA BELITUNG;2022;10;126635
KEP. RIAU;2022;10;132432
DKI JAKARTA;2022;10;5504491
JAWA BARAT;2022;10;11162878
JAWA TENGAH;2022;10;7918510
DI YOGYAKARTA;2022;10;2078100
JAWA TIMUR;2022;10;15437648
BANTEN;2022;10;4003986
BALI;2022;10;1172441
NUSA TENGGARA BARAT;2022;10;276772
NUSA TENGGARA TIMUR;2022;10;245510
KALIMANTAN BARAT;2022;10;260901
KALIMANTAN TENGAH;2022;10;230067
KALIMANTAN SELATAN;2022;10;449173
KALIMANTAN TIMUR;2022;10;533691
KALIMANTAN UTARA;2022;10;30041
SULAWESI UTARA;2022;10;365860
SULAWESI TENGAH;2022;10;543272
SULAWESI SELATAN;2022;10;1922182
SULAWESI TENGGARA;2022;10;1056378
GORONTALO;2022;10;100365
SULAWESI BARAT;2022;10;311722
MALUKU;2022;10;52357
MALUKU UTARA;2022;10;119219
PAPUA BARAT;2022;10;40627
PAPUA BARAT DAYA;2022;10;0
PAPUA;2022;10;81068
PAPUA SELATAN;2022;10;0
PAPUA TENGAH;2022;10;0
PAPUA PEGUNUNGAN;2022;10;0
INDONESIA;2022;10;60040211
ACEH;2022;11;471520
SUMATERA UTARA;2022;11;1525633
SUMATERA BARAT;2022;11;877671
RIAU;2022;11;640199
JAMBI;2022;11;262087
SUMATERA SELATAN;2022;11;603787
BENGKULU;2022;11;133058
LAMPUNG;2022;11;762778
KEP. BANGKA BELITUNG;2022;11;115001
KEP. RIAU;2022;11;131230
DKI JAKARTA;2022;11;4757430
JAWA BARAT;2022;11;9886282
JAWA TENGAH;2022;11;6403951
DI YOGYAKARTA;2022;11;1679978
JAWA TIMUR;2022;11;14709379
BANTEN;2022;11;3234134
BALI;2022;11;1118730
NUSA TENGGARA BARAT;2022;11;324132
NUSA TENGGARA TIMUR;2022;11;290876
KALIMANTAN BARAT;2022;11;235452
KALIMANTAN TENGAH;2022;11;209125
KALIMANTAN SELATAN;2022;11;416227
KALIMANTAN TIMUR;2022;11;514833
KALIMANTAN UTARA;2022;11;29600
SULAWESI UTARA;2022;11;322748
SULAWESI TENGAH;2022;11;555548
SULAWESI SELATAN;2022;11;1834305
SULAWESI TENGGARA;2022;11;1136194
GORONTALO;2022;11;92496
SULAWESI BARAT;2022;11;310736
MALUKU;2022;11;43671
MALUKU UTARA;2022;11;115762
PAPUA BARAT;2022;11;36457
PAPUA BARAT DAYA;2022;11;0
PAPUA;2022;11;78388
PAPUA SELATAN;2022;11;0
PAPUA TENGAH;2022;11;0
PAPUA PEGUNUNGAN;2022;11;0
INDONESIA;2022;11;53859398
ACEH;2022;12;639922
SUMATERA UTARA;2022;12;2283325
SUMATERA BARAT;2022;12;1307815
RIAU;2022;12;857727
JAMBI;2022;12;351987
SUMATERA SELATAN;2022;12;804851
BENGKULU;2022;12;185142
LAMPUNG;2022;12;1025144
KEP. BANGKA BELITUNG;2022;12;144054
KEP. RIAU;2022;12;185232
DKI JAKARTA;2022;12;5606163
JAWA BARAT;2022;12;12097392
JAWA TENGAH;2022;12;8165328
DI YOGYAKARTA;2022;12;2496730
JAWA TIMUR;2022;12;16432381
BANTEN;2022;12;3639318
BALI;2022;12;1688997
NUSA TENGGARA BARAT;2022;12;579154
NUSA TENGGARA TIMUR;2022;12;497011
KALIMANTAN BARAT;2022;12;345666
KALIMANTAN TENGAH;2022;12;282224
KALIMANTAN SELATAN;2022;12;532388
KALIMANTAN TIMUR;2022;12;638297
KALIMANTAN UTARA;2022;12;39514
SULAWESI UTARA;2022;12;401895
SULAWESI TENGAH;2022;12;575043
SULAWESI SELATAN;2022;12;2287771
SULAWESI TENGGARA;2022;12;1028565
GORONTALO;2022;12;117518
SULAWESI BARAT;2022;12;345542
MALUKU;2022;12;75278
MALUKU UTARA;2022;12;133388
PAPUA BARAT;2022;12;56395
PAPUA BARAT DAYA;2022;12;0
PAPUA;2022;12;111840
PAPUA SELATAN;2022;12;0
PAPUA TENGAH;2022;12;0
PAPUA PEGUNUNGAN;2022;12;0
INDONESIA;2022;12;65958997
